ICC Name, Source Component, Target Component, Type of Communication, Permissions
 , , , , [android.permission.AUTHENTICATE_ACCOUNTS]-[android.permission.GET_ACCOUNTS]-[android.permission.READ_PHONE_STATE]-[android.permission.READ_PHONE_NUMBERS]-[android.permission.RECEIVE_SMS]-[android.permission.VIBRATE]-[android.permission.USE_BIOMETRIC]-[android.permission.USE_FINGERPRINT]-[android.permission.ACCESS_COARSE_LOCATION]-[android.permission.ACCESS_FINE_LOCATION]-[android.permission.ACCESS_NETWORK_STATE]-[android.permission.ACCESS_WIFI_STATE]-[android.permission.BLUETOOTH]-[android.permission.BROADCAST_STICKY]-[android.permission.CAMERA]-[android.permission.CHANGE_NETWORK_STATE]-[android.permission.CHANGE_WIFI_STATE]-[android.permission.GET_TASKS]-[android.permission.INSTALL_SHORTCUT]-[android.permission.INTERNET]-[android.permission.MANAGE_ACCOUNTS]-[android.permission.MANAGE_OWN_CALLS]-[android.permission.MODIFY_AUDIO_SETTINGS]-[android.permission.NFC]-[android.permission.READ_CONTACTS]-[android.permission.READ_PROFILE]-[android.permission.READ_SYNC_SETTINGS]-[android.permission.READ_SYNC_STATS]-[android.permission.RECEIVE_BOOT_COMPLETED]-[android.permission.RECORD_AUDIO]-[android.permission.SEND_SMS]-[android.permission.USE_CREDENTIALS]-[android.permission.WAKE_LOCK]-[android.permission.WRITE_CONTACTS]-[android.permission.WRITE_EXTERNAL_STORAGE]-[android.permission.WRITE_SYNC_SETTINGS]-[android.permission.REQUEST_INSTALL_PACKAGES]-[android.permission.FOREGROUND_SERVICE]-[android.permission.USE_FULL_SCREEN_INTENT]-[com.android.launcher.permission.INSTALL_SHORTCUT]-[com.android.launcher.permission.UNINSTALL_SHORTCUT]-[com.google.android.c2dm.permission.RECEIVE]-[com.google.android.providers.gsf.permission.READ_GSERVICES]-[com.sec.android.provider.badge.permission.READ]-[com.sec.android.provider.badge.permission.WRITE]-[com.htc.launcher.permission.READ_SETTINGS]-[com.htc.launcher.permission.UPDATE_SHORTCUT]-[com.sonyericsson.home.permission.BROADCAST_BADGE]-[com.sonymobile.home.permission.PROVIDER_INSERT_BADGE]-[com.huawei.android.launcher.permission.READ_SETTINGS]-[com.huawei.android.launcher.permission.WRITE_SETTINGS]-[com.huawei.android.launcher.permission.CHANGE_BADGE]-[com.whatsapp.permission.BROADCAST]-[com.whatsapp.permission.MAPS_RECEIVE]-[com.whatsapp.permission.REGISTRATION]-[com.whatsapp.sticker.READ]-[android.permission.CALL_PHONE]-[android.permission.ANSWER_PHONE_CALLS]-[android.permission.READ_CALL_LOG]-[android.permission.READ_EXTERNAL_STORAGE]-
startActivity,androidx/appcompat/widget/SearchView,user_query,external
startActivity,androidx/appcompat/widget/SearchView,user_query,external
startActivity,androidx/preference/Preference,null,external
startService,androidx/work/impl/background/systemalarm/RescheduleReceiver,ACTION_RESCHEDULE,external
startService,com/google/android/gms/analytics/AnalyticsReceiver,com.google.android.gms.analytics.AnalyticsService,internal
startActivity,com/google/android/gms/auth/api/signin/internal/SignInHubActivity,com.google.android.gms,internal
startActivityForResult,com/google/android/gms/auth/api/signin/internal/SignInHubActivity,com.google.android.gms,internal
startService,com/google/android/search/verification/client/SearchActionVerificationClientActivity,SearchActionVerificationClientExtraIntent,external
bindService,com/google/android/search/verification/client/SearchActionVerificationClientService,com.google.android.apps.assistant,external
bindService,com/google/android/search/verification/client/SearchActionVerificationClientService,com.google.android.apps.assistant,external
bindService,com/google/android/search/verification/client/SearchActionVerificationClientService,com.google.android.apps.assistant,external
bindService,com/google/android/search/verification/client/SearchActionVerificationClientService,com.google.android.apps.assistant,external
startService,com/google/firebase/iid/FirebaseInstanceIdReceiver,.,internal
startService,com/google/firebase/iid/FirebaseInstanceIdReceiver,.,internal
startActivity,com/whatsapp/acceptinvitelink/AcceptInviteLinkActivity,com.whatsapp.acceptinvitelink.AcceptInviteLinkActivity,internal
startActivity,com/whatsapp/account/delete/DeleteAccountConfirmation,com.whatsapp.Main,internal
startActivity,com/whatsapp/accountsync/LoginActivity,show_registration_first_dlg,external
startActivity,com/whatsapp/accountsync/ProfileActivity,null,internal
startActivityForResult,com/whatsapp/accountsync/ProfileActivity,null,internal
sendOrderedBroadcast,com/whatsapp/AlarmService,auth,internal
startActivity,com/whatsapp/backup/google/RestoreFromBackupActivity,account_name,internal
startActivityForResult,com/whatsapp/backup/google/RestoreFromBackupActivity,account_name,internal
startActivity,com/whatsapp/backup/google/RestoreFromBackupActivity,com.whatsapp.Main,internal
startActivity,com/whatsapp/backup/google/RestoreFromBackupActivity,com.whatsapp.backup.google.RestoreFromBackupActivity,internal
bindService,com/whatsapp/backup/google/RestoreFromBackupActivity,gdrive_activity_msgstore_init_key,internal
startActivity,com/whatsapp/backup/google/SettingsGoogleDrive,com.whatsapp.Main,internal
bindService,com/whatsapp/backup/google/SettingsGoogleDrive,settings-gdrive/create google drive access not allowed.,internal
startActivity,com/whatsapp/biz/product/view/activity/ProductDetailActivity,com.whatsapp.ShareProductLinkActivity,internal
startActivity,com/whatsapp/blockinguserinteraction/BlockingUserInteractionActivity,com.whatsapp.HomeActivity,internal
startActivity,com/whatsapp/blocklist/BlockList,null,internal
startActivityForResult,com/whatsapp/blocklist/BlockList,null,internal
startActivity,com/whatsapp/camera/CameraActivity,origin,external
startActivity,com/whatsapp/camera/CameraMediaPickerFragment,com.whatsapp.Conversation,external
startActivity,com/whatsapp/chatinfo/ChatInfoActivity,com.whatsapp.mediaview.MediaViewActivity,internal
startActivity,com/whatsapp/chatinfo/ContactInfoActivity,com.whatsapp.chatinfo.ContactInfoActivity,internal
startActivity,com/whatsapp/chatinfo/ContactInfoActivity,com.whatsapp.chatinfo.ContactInfoActivity,internal
startActivity,com/whatsapp/chatinfo/ContactInfoActivity,com.whatsapp.chatinfo.ContactInfoActivity,internal
startActivityForResult,com/whatsapp/chatinfo/ContactInfoActivity,com.whatsapp.chatinfo.ContactInfoActivity,internal
startActivity,com/whatsapp/chatinfo/ContactInfoActivity,com.whatsapp.profile.ViewProfilePhoto,internal
startActivity,com/whatsapp/chatinfo/ContactInfoActivity,com.whatsapp.status.playback.StatusPlaybackActivity,internal
startActivity,com/whatsapp/chatinfo/ContactInfoActivity,com.whatsapp.identity.IdentityVerificationActivity,internal
startActivity,com/whatsapp/chatinfo/ListChatInfo,gid,internal
startActivity,com/whatsapp/chatinfo/ListChatInfo,com.whatsapp.conversation.EditBroadcastRecipientsSelector,internal
startActivityForResult,com/whatsapp/chatinfo/ListChatInfo,com.whatsapp.conversation.EditBroadcastRecipientsSelector,internal
startActivity,com/whatsapp/chatinfo/ListChatInfo,com.whatsapp.conversation.EditBroadcastRecipientsSelector,internal
startActivityForResult,com/whatsapp/chatinfo/ListChatInfo,com.whatsapp.conversation.EditBroadcastRecipientsSelector,internal
startActivity,com/whatsapp/chatinfo/ListChatInfo,com.whatsapp.identity.IdentityVerificationActivity,internal
startActivity,com/whatsapp/companiondevice/LinkedDevicesActivity,com.whatsapp.companiondevice.optin.ui.OptInActivity,internal
startActivityForResult,com/whatsapp/companiondevice/LinkedDevicesActivity,com.whatsapp.companiondevice.optin.ui.OptInActivity,internal
startActivity,com/whatsapp/companiondevice/LinkedDevicesActivity,com.whatsapp.qrcode.DevicePairQrScannerActivity,internal
startActivityForResult,com/whatsapp/companiondevice/LinkedDevicesActivity,com.whatsapp.qrcode.DevicePairQrScannerActivity,internal
startActivity,com/whatsapp/companiondevice/LinkedDevicesActivity,com.whatsapp.qrcode.DevicePairQrScannerActivity,internal
startActivityForResult,com/whatsapp/companiondevice/LinkedDevicesActivity,com.whatsapp.qrcode.DevicePairQrScannerActivity,internal
startActivity,com/whatsapp/companiondevice/PairedDevicesActivity,com.whatsapp.qrcode.DevicePairQrScannerActivity,internal
startActivity,com/whatsapp/companiondevice/PairedDevicesActivity,com.whatsapp.qrcode.DevicePairQrScannerActivity,internal
startActivity,com/whatsapp/contact/picker/ContactPickerFragment,cxt,external
startActivity,com/whatsapp/ContactPicker,com.whatsapp.HomeActivity,internal
startActivity,com/whatsapp/ContactPicker,com.whatsapp.HomeActivity,internal
startActivity,com/whatsapp/ContactPicker,com.whatsapp.Main,internal
startActivity,com/whatsapp/conversation/conversationrow/message/StarredMessagesActivity,com.whatsapp.Main,internal
startActivity,com/whatsapp/Conversation,null,external
startActivityForResult,com/whatsapp/Conversation,null,external
startActivity,com/whatsapp/Conversation,file_path,external
startActivityForResult,com/whatsapp/Conversation,file_path,external
startActivity,com/whatsapp/Conversation,jid,external
startActivity,com/whatsapp/Conversation,com.whatsapp.HomeActivity,external
startActivity,com/whatsapp/Conversation,com.whatsapp.HomeActivity,external
startActivity,com/whatsapp/Conversation,sms_body,external
startActivity,com/whatsapp/Conversation,com.whatsapp.mediaview.MediaViewActivity,external
bindService,com/whatsapp/conversationslist/ConversationsFragment,com.whatsapp.backup.google.GoogleDriveNewUserSetupActivity,external
startActivity,com/whatsapp/deeplink/DeepLinkActivity,com.whatsapp.greenalert.GreenAlertActivity,internal
startActivity,com/whatsapp/deeplink/DeepLinkActivity,com.whatsapp.qrcode.contactqr.QrSheetDeepLinkActivity,internal
startActivity,com/whatsapp/deeplink/DeepLinkActivity,com.whatsapp.w4b,internal
startActivity,com/whatsapp/documentpicker/DocumentPickerActivity,android.intent.category.OPENABLE,internal
startActivityForResult,com/whatsapp/documentpicker/DocumentPickerActivity,android.intent.category.OPENABLE,internal
startActivity,com/whatsapp/ephemeral/ChangeEphemeralSettingActivity,com.whatsapp.ephemeral.ChangeEphemeralSettingActivity,internal
startActivity,com/whatsapp/gallerypicker/GalleryPicker,null,internal
startActivityForResult,com/whatsapp/gallerypicker/GalleryPicker,null,internal
startActivity,com/whatsapp/gallerypicker/GalleryPicker,preview,internal
startActivityForResult,com/whatsapp/gallerypicker/GalleryPicker,preview,internal
startActivity,com/whatsapp/gallerypicker/GalleryPickerLauncher,com.whatsapp.gallerypicker.GalleryPicker,internal
startActivityForResult,com/whatsapp/gallerypicker/GalleryPickerLauncher,com.whatsapp.gallerypicker.GalleryPicker,internal
startActivity,com/whatsapp/gallerypicker/MediaPickerFragment,android.intent.action.MEDIA_UNMOUNTED,external
startActivityForResult,com/whatsapp/gallerypicker/MediaPickerFragment,android.intent.action.MEDIA_UNMOUNTED,external
startActivity,com/whatsapp/gallerypicker/MediaPickerFragment,android.intent.action.MEDIA_UNMOUNTED,external
startActivityForResult,com/whatsapp/gallerypicker/MediaPickerFragment,android.intent.action.MEDIA_UNMOUNTED,external
startActivity,com/whatsapp/group/GroupChatInfo,gid,internal
startActivity,com/whatsapp/group/GroupChatInfo,gid,internal
startActivity,com/whatsapp/group/GroupChatInfo,com.whatsapp.HomeActivity,internal
startActivity,com/whatsapp/group/GroupChatInfo,com.whatsapp.contact.picker.AddGroupParticipantsSelector,internal
startActivityForResult,com/whatsapp/group/GroupChatInfo,com.whatsapp.contact.picker.AddGroupParticipantsSelector,internal
startActivity,com/whatsapp/group/GroupChatInfo,com.whatsapp.contact.picker.AddGroupParticipantsSelector,internal
startActivityForResult,com/whatsapp/group/GroupChatInfo,com.whatsapp.contact.picker.AddGroupParticipantsSelector,internal
startActivity,com/whatsapp/group/GroupChatInfo,com.whatsapp.identity.IdentityVerificationActivity,internal
startActivity,com/whatsapp/group/GroupMembersSelector,com.whatsapp.group.NewGroup,internal
startActivityForResult,com/whatsapp/group/GroupMembersSelector,com.whatsapp.group.NewGroup,internal
startActivity,com/whatsapp/group/GroupMembersSelector,com.whatsapp.HomeActivity,internal
startActivity,com/whatsapp/group/NewGroup,entry_point,internal
startActivity,com/whatsapp/HomeActivity,com.whatsapp.Main,internal
startActivity,com/whatsapp/HomeActivity,com.whatsapp.status.SetStatus,internal
startActivity,com/whatsapp/HomeActivity,referral_screen,internal
startActivity,com/whatsapp/identity/IdentityVerificationActivity,android.intent.extra.SUBJECT,internal
startActivity,com/whatsapp/identity/IdentityVerificationActivity,com.whatsapp.RequestPermissionActivity,internal
startActivityForResult,com/whatsapp/identity/IdentityVerificationActivity,com.whatsapp.RequestPermissionActivity,internal
startActivity,com/whatsapp/inappsupport/ui/SupportTopicsActivity,com.whatsapp.inappsupport.ui.SupportTopicsActivity.support_topics,internal
sendBroadcast,com/whatsapp/Main,android.intent.extra.shortcut.INTENT,external
startActivity,com/whatsapp/Main,com.whatsapp.HomeActivity,external
startActivity,com/whatsapp/Main,com.whatsapp.corruptinstallation.CorruptInstallationActivity,external
startActivity,com/whatsapp/RequestPermissionActivity,com.whatsapp.RequestPermissionActivity,internal
startActivityForResult,com/whatsapp/RequestPermissionActivity,com.whatsapp.RequestPermissionActivity,internal
startActivity,com/whatsapp/RequestPermissionActivity,com.whatsapp.RequestPermissionActivity,internal
startActivityForResult,com/whatsapp/RequestPermissionActivity,com.whatsapp.RequestPermissionActivity,internal
startActivity,com/whatsapp/RequestPermissionActivity,com.whatsapp.RequestPermissionActivity,internal
startActivityForResult,com/whatsapp/RequestPermissionActivity,com.whatsapp.RequestPermissionActivity,internal
startActivity,com/whatsapp/RequestPermissionActivity,com.whatsapp.RequestPermissionActivity,internal
startActivityForResult,com/whatsapp/RequestPermissionActivity,com.whatsapp.RequestPermissionActivity,internal
startActivity,com/whatsapp/RequestPermissionActivity,com.whatsapp.RequestPermissionActivity,internal
startActivityForResult,com/whatsapp/RequestPermissionActivity,com.whatsapp.RequestPermissionActivity,internal
startActivity,com/whatsapp/RequestPermissionActivity,com.whatsapp.RequestPermissionActivity,internal
startActivityForResult,com/whatsapp/RequestPermissionActivity,com.whatsapp.RequestPermissionActivity,internal
startActivity,com/whatsapp/RequestPermissionActivity,com.whatsapp.RequestPermissionActivity,internal
startActivityForResult,com/whatsapp/RequestPermissionActivity,com.whatsapp.RequestPermissionActivity,internal
startActivity,com/whatsapp/RequestPermissionActivity,com.whatsapp.RequestPermissionActivity,internal
startActivityForResult,com/whatsapp/RequestPermissionActivity,com.whatsapp.RequestPermissionActivity,internal
startActivity,com/whatsapp/RequestPermissionActivity,com.whatsapp.RequestPermissionActivity,internal
startActivity,X/01G,com.whatsapp.corruptinstallation.CorruptInstallationActivity,external
startActivity,X/038,com.whatsapp.insufficientstoragespace.InsufficientStorageSpaceActivity,external
startService,X/03x,null,external
bindService,X/04N,NotifManCompat,external
bindService,X/04N,NotifManCompat,external
bindService,X/04N,android.support.BIND_NOTIFICATION_SIDE_CHANNEL,external
sendBroadcast,X/08m,null,external
startService,X/08Q,com.google.example.invalidpackage,external
sendBroadcast,X/08Q,com.google.example.invalidpackage,external
startService,X/08Q,com.google.example.invalidpackage,external
sendBroadcast,X/08Z,com.google.firebase.MESSAGING_EVENT,external
sendBroadcast,X/08Z,com.google.firebase.INSTANCE_ID_EVENT,external
startActivity,X/09N,null,external
startActivity,X/09N,com.whatsapp.HomeActivity,external
startActivity,X/0a7,application/vnd.android.package-archive,external
startActivity,X/0aA,com.whatsapp.registration.RegisterPhone,external
startActivity,X/0aO,com.whatsapp.blockinguserinteraction.BlockingUserInteractionActivity,external
startActivity,X/0bj,null,external
startActivity,X/0cu,app/sms ,external
startActivity,X/0cu,text/plain,external
startActivity,X/0cu,extra_invite_source,external
startActivity,X/0dl,vnd.android.cursor.item/contact,external
startActivity,X/0dl,com.whatsapp.conversation.conversationrow.ContactSyncActivity,external
startActivity,X/0dM,com.whatsapp.ShareCatalogLinkActivity,external
startActivity,X/0dn,com.facebook.orca,external
startActivity,X/0el,null,external
startActivityForResult,X/0el,null,external
sendBroadcast,X/0GE,android.appwidget.action.APPWIDGET_UPDATE,external
startActivity,X/0Ha,null,external
startActivityForResult,X/0Ha,null,external
startActivity,X/0He,com.whatsapp.blockinguserinteraction.BlockingUserInteractionActivity,external
startActivity,X/0He,com.whatsapp.blockinguserinteraction.BlockingUserInteractionActivity,external
startActivity,X/0Hg,null,external
startActivityForResult,X/0Hg,null,external
startActivity,X/0Hg,null,external
startActivity,X/0Hg,null,external
startActivityForResult,X/0Hg,null,external
startActivity,X/0Hg,null,external
startActivities,X/0Hl,No intents added to TaskStackBuilder; cannot startActivities,external
startActivity,X/0Hm,null,external
startActivityForResult,X/0Hm,null,external
startActivity,X/0Hm,null,external
startActivityForResult,X/0Hm,null,external
startActivity,X/0Hm,null,external
startActivityForResult,X/0Hm,null,external
startActivity,X/0Hm,null,external
startActivityForResult,X/0Hm,null,external
startActivity,X/0hr,com.whatsapp.Conversation,external
startActivity,X/0i2,com.whatsapp.insufficientstoragespace.InsufficientStorageSpaceActivity,external
startActivity,X/0j2,gm,external
startActivity,X/0j2,gm,external
startActivity,X/0jd,com.whatsapp.biz.catalog.view.activity.ProductListActivity,external
startActivity,X/0je,extra_order_id,external
startActivity,X/0jH,com.whatsapp.gallery.MediaGalleryActivity,external
startActivity,X/0jm,com.whatsapp.gallery.MediaGalleryActivity,external
startActivity,X/0jQ,com.whatsapp.gallery.MediaGalleryActivity,external
startActivity,X/0jT,null,external
startActivity,X/0kO,com.whatsapp.gallery.MediaGalleryActivity,external
startActivity,X/0kS,com.whatsapp.mediaview.MediaViewActivity,external
startActivity,X/0lW,com.whatsapp.contact.picker.PhoneContactsSelector,external
startActivityForResult,X/0lW,com.whatsapp.contact.picker.PhoneContactsSelector,external
startActivity,X/0lW,com.whatsapp.documentpicker.DocumentPickerActivity,external
startActivityForResult,X/0lW,com.whatsapp.documentpicker.DocumentPickerActivity,external
startActivity,X/0lW,jid,external
startActivityForResult,X/0lW,jid,external
startActivity,X/0lW,com.whatsapp.gallerypicker.GalleryPicker,external
startActivityForResult,X/0lW,com.whatsapp.gallerypicker.GalleryPicker,external
startActivity,X/0lW,com.whatsapp.gallerypicker.GalleryPicker,external
startActivityForResult,X/0lW,com.whatsapp.gallerypicker.GalleryPicker,external
startActivity,X/0lW,com.whatsapp.camera.CameraActivity,external
startActivityForResult,X/0lW,com.whatsapp.camera.CameraActivity,external
startActivity,X/0lW,com.whatsapp.camera.CameraActivity,external
startActivityForResult,X/0lW,com.whatsapp.camera.CameraActivity,external
startActivity,X/0lW,com.whatsapp.camera.CameraActivity,external
startActivity,X/0MD,android.intent.category.HOME,external
startActivity,X/0MD,android.intent.category.HOME,external
startActivity,X/0MD,android.intent.category.HOME,external
startActivityForResult,X/0MD,android.intent.category.HOME,external
startActivity,X/0nx,com.whatsapp.RequestPermissionActivity,external
startActivity,X/0Ou,package,external
startActivity,X/0pY,null,external
startActivityForResult,X/0pY,null,external
startActivity,X/0pY,null,external
startActivityForResult,X/0pY,null,external
startActivity,X/0sF,com.whatsapp.backup.google.SettingsGoogleDrive,external
startActivity,X/0sI,com.whatsapp.backup.google.SettingsGoogleDrive,external
startActivity,X/0t3,com.whatsapp.businessupsell.BusinessAppEducation,external
startActivity,X/0t8,null,external
startActivity,X/0UE,null,external
startActivity,X/0UE,null,external
startActivityForResult,X/0UE,null,external
startActivity,X/0UE,null,external
startActivity,X/0vI,android.speech.extra.LANGUAGE_MODEL,external
startActivity,X/0vI,android.speech.extra.LANGUAGE_MODEL,external
startActivity,X/0vJ,null,external
startActivity,X/0Xr,null,external
startActivityForResult,X/0Xr,null,external
startActivity,X/0Xv,null,external
startActivityForResult,X/0Xv,null,external
startActivity,X/12B,com.whatsapp.Main,external
startActivity,X/12B,com.whatsapp.authentication.AppAuthenticationActivity,external
startActivityForResult,X/12B,com.whatsapp.authentication.AppAuthenticationActivity,external
startService,X/14J,ACTION_CONSTRAINTS_CHANGED,external
sendBroadcast,X/14O,androidx/work/impl/background/systemalarm/ConstraintProxyUpdateReceiver,external
startService,X/15B,ACTION_NOTIFY,external
startActivity,X/1ay,com.whatsapp.registration.ChangeNumberOverview,external
startActivity,X/1b8,com.whatsapp.account.delete.DeleteAccountConfirmation,external
sendBroadcast,X/1BE,extra_processor_completed,external
startActivity,X/1cs,com.whatsapp.backup.encryptedbackup.EncBackupMainActivity,external
startActivityForResult,X/1cs,com.whatsapp.backup.encryptedbackup.EncBackupMainActivity,external
startActivity,X/1dE,com.whatsapp.backup.encryptedbackup.EncBackupMainActivity,external
startActivityForResult,X/1dE,com.whatsapp.backup.encryptedbackup.EncBackupMainActivity,external
startActivity,X/1f8,com.whatsapp.companiondevice.optin.ui.OptInActivity,external
startActivity,X/1fx,null,external
startActivity,X/1hU,com.whatsapp.report.ReportActivity,external
startActivity,X/1im,null,external
startActivity,X/1io,null,external
startActivity,X/1jx,com.whatsapp.settings.SettingsJidNotificationActivity,external
startActivityForResult,X/1jx,com.whatsapp.settings.SettingsJidNotificationActivity,external
startActivity,X/1jy,com.whatsapp.conversation.conversationrow.message.StarredMessagesActivity,external
startActivity,X/1k6,com.whatsapp.conversation.conversationrow.message.StarredMessagesActivity,external
bindService,X/1Kr,null,external
bindService,X/1Kr,null,external
startActivity,X/1MC,pending_intent,external
startActivityForResult,X/1MC,pending_intent,external
bindService,X/1Mo,null,external
bindService,X/1N4,null,external
startService,X/1N6,com.google.android.gms.common.stats.EXTRA_LOG_EVENT,external
startActivity,X/1NN,null,external
startService,X/1Og,com.google.android.gms.analytics.AnalyticsService,external
startActivity,X/1ok,com.whatsapp.ephemeral.ChangeEphemeralSettingActivity,external
startActivity,X/1ok,com.whatsapp.shareinvitelink.ShareInviteLinkActivity,external
startActivity,X/1ok,Remote request message key is not specified.,external
bindService,X/1OP,null,external
startActivity,X/1os,extra_referral_screen,external
startActivity,X/1ou,null,external
startActivity,X/1oz,null,external
startActivity,X/1p0,extra_setup_mode,external
startActivity,X/1p1,extra_is_first_payment_method,external
startActivity,X/1p2,extra_jid,external
startActivity,X/1p3,fMessageKeyJid,external
startActivity,X/1qE,null,external
startActivityForResult,X/1qE,null,external
startActivity,X/1rG,com.whatsapp.blockbusiness.BlockBusinessActivity,external
startActivity,X/1rM,com.whatsapp.blockbusiness.BlockBusinessActivity,external
startActivityForResult,X/1rM,com.whatsapp.blockbusiness.BlockBusinessActivity,external
bindService,X/1TL,null,external
bindService,X/1TL,null,external
startActivity,X/1ux,null,external
startActivityForResult,X/1ux,null,external
startActivity,X/1x5,null,external
startActivityForResult,X/1x5,null,external
startActivity,X/1Xg,com.whatsapp.greenalert.GreenAlertActivity,external
startActivity,X/1Xt,null,external
startActivity,X/1Xu,null,external
startActivity,X/1Y5,com.whatsapp.blocklist.BlockList,external
startActivity,X/1YC,null,external
startActivityForResult,X/1YC,null,external
startActivity,X/1YC,null,external
startActivityForResult,X/1YC,null,external
startActivity,X/1Yh,com.whatsapp.ContactPicker,external
startActivity,X/1Yj,android.intent.extra.TEXT,external
startActivity,X/1z8,com.whatsapp.ephemeral.ChangeEphemeralSettingActivity,external
startActivity,X/1zC,com.whatsapp.profile.ViewProfilePhoto,external
startActivityForResult,X/1zC,com.whatsapp.profile.ViewProfilePhoto,external
startActivity,X/20b,com.whatsapp.inappsupport.ui.FaqItemActivityV2,external
startActivityForResult,X/20b,com.whatsapp.inappsupport.ui.FaqItemActivityV2,external
startActivity,X/20f,com.whatsapp.inappsupport.ui.SupportTopicsActivity.support_topics,external
startActivityForResult,X/20f,com.whatsapp.inappsupport.ui.SupportTopicsActivity.support_topics,external
startService,X/25h,ACTION_STOP_FOREGROUND,external
startService,X/25h,ACTION_START_FOREGROUND,external
startService,X/262,ACTION_STOP_WORK,external
startService,X/262,ACTION_SCHEDULE_WORK,external
startActivity,X/2ce,window_title,external
startActivityForResult,X/2ce,window_title,external
startActivity,X/2du,com.whatsapp.gallery.MediaGalleryActivity,external
startActivity,X/2e4,was_nobody,external
startActivityForResult,X/2e4,was_nobody,external
startActivity,X/2ea,com.whatsapp.shareinvitelink.ShareInviteLinkActivity,external
bindService,X/2Ed,null,external
startActivity,X/2eG,com.whatsapp.conversation.conversationrow.message.StarredMessagesActivity,external
startActivity,X/2eH,extra_jid,external
startActivity,X/2eL,gid,external
startActivity,X/2eM,com.whatsapp.settings.SettingsJidNotificationActivity,external
startActivityForResult,X/2eM,com.whatsapp.settings.SettingsJidNotificationActivity,external
startActivity,X/2en,com.whatsapp.group.EditGroupAdminsSelector,external
startActivityForResult,X/2en,com.whatsapp.group.EditGroupAdminsSelector,external
bindService,X/2jH,null,external
startActivity,X/2kJ,jid,external
startActivity,X/2L0,gid,external
startActivityForResult,X/2L0,gid,external
startActivity,X/2ll,com.whatsapp.blockbusiness.BlockBusinessActivity,external
startActivity,X/2mj,com.whatsapp.dmsetting.ChangeDMSettingActivity,external
startActivity,X/2mM,com.whatsapp.settings.SettingsPrivacy,external
startActivity,X/2O1,com.whatsapp.biz.BusinessProfileExtraFieldsActivity,external
startActivity,X/2O8,com.whatsapp.businessupsell.BusinessProfileEducation,external
startActivity,X/2Ol,null,external
startActivity,X/2Om,com.whatsapp.biz.catalog.view.activity.CatalogListActivity,external
startActivity,X/2P1,com.whatsapp.Conversation,external
startActivity,X/2P1,com.whatsapp.Conversation,external
startActivityForResult,X/2P1,com.whatsapp.Conversation,external
startActivity,X/2P9,com.whatsapp.CatalogImageListActivity,external
startActivity,X/2Pk,com.whatsapp.ShareCatalogLinkActivity,external
startActivity,X/2Rb,com.whatsapp.insufficientstoragespace.InsufficientStorageSpaceActivity,external
startActivity,X/2S9,null,external
startActivityForResult,X/2S9,null,external
startActivity,X/2Sa,null,external
startActivity,X/2Sb,com.whatsapp.HomeActivity,external
startActivity,X/2SC,com.whatsapp.gallery.MediaGalleryActivity,external
startActivity,X/2SE,com.whatsapp.gallery.MediaGalleryActivity,external
startActivity,X/2SI,com.whatsapp.gallery.MediaGalleryActivity,external
startActivity,X/2SQ,extra_jid,external
startActivity,X/2ST,com.whatsapp.blockbusiness.BlockBusinessActivity,external
startActivity,X/2Sv,com.whatsapp.qrcode.DevicePairQrScannerActivity,external
startActivityForResult,X/2Sv,com.whatsapp.qrcode.DevicePairQrScannerActivity,external
startActivity,X/2SV,com.whatsapp.identity.IdentityVerificationActivity,external
startActivity,X/2SX,com.whatsapp.identity.IdentityVerificationActivity,external
startActivity,X/2SY,null,external
startActivityForResult,X/2SY,null,external
startActivity,X/2VH,com.whatsapp.gallery.MediaGalleryActivity,external
startActivity,X/2Vy,com.whatsapp.status.playback.StatusPlaybackActivity,external
startActivity,X/2Wb,jid,external
startActivity,X/2WB,com.whatsapp.viewsharedcontacts.ViewSharedContactArrayActivity,external
startActivity,X/2WC,com.whatsapp.viewsharedcontacts.ViewSharedContactArrayActivity,external
startActivity,X/2WI,key_id,external
startActivity,X/2WP,null,external
startActivity,X/2Xj,{},external
startActivity,X/2Xk,login_entry_point,external
startActivity,X/2Xl,login_entry_point,external
startActivityForResult,X/2Xl,login_entry_point,external
startActivity,X/2Xm,report_transaction_origin,external
startActivityForResult,X/2Xm,report_transaction_origin,external
startActivity,X/2Xn,{},external
startActivity,X/2XV,com.whatsapp.conversation.conversationrow.message.MessageDetailsActivity,external
startActivity,X/2XV,com.whatsapp.conversation.conversationrow.message.MessageDetailsActivity,external
startActivityForResult,X/2XV,com.whatsapp.conversation.conversationrow.message.MessageDetailsActivity,external
startActivity,X/2Xz,com.whatsapp.viewsharedcontacts.ViewSharedContactArrayActivity,external
startActivity,X/2Y1,null,external
startActivity,X/2YK,com.whatsapp.settings.chat.wallpaper.GalleryWallpaperPreview,external
startActivityForResult,X/2YK,com.whatsapp.settings.chat.wallpaper.GalleryWallpaperPreview,external
startActivity,X/2Zb,null,external
startActivity,com/facebook/redex/RunnableBRunnable0Shape0S0101000_I0,com.whatsapp.voipcalling.VoipActivityV2,external
bindService,com/facebook/redex/RunnableBRunnable0Shape0S0200000_I0,null,external
bindService,com/facebook/redex/RunnableBRunnable0Shape0S0200000_I0,null,external
startActivity,com/facebook/redex/RunnableBRunnable0Shape0S0300000_I0,null,external
sendOrderedBroadcast,com/facebook/redex/RunnableBRunnable0Shape0S0300000_I0,null,external
startActivity,com/facebook/redex/RunnableBRunnable0Shape0S0501000_I0,com.whatsapp.notification.PopupNotification,external
startActivity,com/facebook/redex/RunnableBRunnable0Shape0S1201000_I0,com.whatsapp.voipcalling.VoipNotAllowedActivity,external
startActivity,com/facebook/redex/RunnableBRunnable0Shape1S1100000_I1,null,external
startActivity,com/facebook/redex/RunnableBRunnable0Shape2S0100000_I0_2,com.whatsapp.registration.RegisterPhone,external
startActivity,com/facebook/redex/RunnableBRunnable0Shape2S0200000_I0_2,null,external
startActivity,com/facebook/redex/RunnableBRunnable0Shape3S0200000_I1,null,external
startActivity,com/facebook/redex/ViewOnClickCListenerShape0S0100000_I0,com.whatsapp.gallerypicker.GalleryPickerLauncher,external
startActivityForResult,com/facebook/redex/ViewOnClickCListenerShape0S0100000_I0,com.whatsapp.gallerypicker.GalleryPickerLauncher,external
startActivity,com/facebook/redex/ViewOnClickCListenerShape0S0101000_I1,com.whatsapp.settings.chat.wallpaper.WallpaperPreview,external
startActivityForResult,com/facebook/redex/ViewOnClickCListenerShape0S0101000_I1,com.whatsapp.settings.chat.wallpaper.WallpaperPreview,external
startActivity,com/facebook/redex/ViewOnClickCListenerShape0S0101000_I1,com.whatsapp.settings.chat.wallpaper.SolidColorWallpaperPreview,external
startActivityForResult,com/facebook/redex/ViewOnClickCListenerShape0S0101000_I1,com.whatsapp.settings.chat.wallpaper.SolidColorWallpaperPreview,external
startActivity,com/facebook/redex/ViewOnClickCListenerShape0S1100000_I0,com.whatsapp.storage.StorageUsageActivity,external
startActivityForResult,com/facebook/redex/ViewOnClickCListenerShape0S1100000_I0,com.whatsapp.storage.StorageUsageActivity,external
startActivity,com/facebook/redex/ViewOnClickCListenerShape1S0100000_I0_1,com.whatsapp.registration.ChangeNumber,external
startActivity,com/facebook/redex/ViewOnClickCListenerShape1S0100000_I0_1,com.whatsapp.status.StatusPrivacyActivity,external
startActivityForResult,com/facebook/redex/ViewOnClickCListenerShape1S0100000_I0_1,com.whatsapp.status.StatusPrivacyActivity,external
startActivity,com/facebook/redex/ViewOnClickCListenerShape1S0100000_I0_1,com.whatsapp.dmsetting.ChangeDMSettingActivity,external
startActivity,com/facebook/redex/ViewOnClickCListenerShape1S0100000_I0_1,com.whatsapp.registration.RegisterPhone,external
startActivity,com/facebook/redex/ViewOnClickCListenerShape2S0100000_I0_2,com.whatsapp.authentication.AppAuthSettingsActivity,external
startActivity,com/facebook/redex/ViewOnClickCListenerShape2S0100000_I0_2,com.whatsapp.qrcode.GroupLinkQrActivity,external
startActivity,com/facebook/redex/ViewOnClickCListenerShape2S0100000_I0_2,com.whatsapp.status.playback.MyStatusesActivity,external
startActivity,com/facebook/redex/ViewOnClickCListenerShape2S0100000_I0_2,com.whatsapp.status.StatusPrivacyActivity,external
startActivity,com/facebook/redex/ViewOnClickCListenerShape3S0100000_I0_3,com.whatsapp.HomeActivity,external
startActivity,com/facebook/redex/ViewOnClickCListenerShape4S0100000_I1,com.whatsapp.contact.picker.InviteNonWhatsAppContactPickerActivity,external
startActivity,com/facebook/redex/ViewOnClickCListenerShape4S0100000_I1,scan,external
startActivity,com/facebook/redex/ViewOnClickCListenerShape4S0100000_I1,com.whatsapp.phonematching.CountryPicker,external
startActivityForResult,com/facebook/redex/ViewOnClickCListenerShape4S0100000_I1,com.whatsapp.phonematching.CountryPicker,external
startActivity,com/facebook/redex/ViewOnClickCListenerShape4S0100000_I1,com.whatsapp.RequestPermissionActivity,external
startActivityForResult,com/facebook/redex/ViewOnClickCListenerShape4S0100000_I1,com.whatsapp.RequestPermissionActivity,external
startActivity,com/whatsapp/mediacomposer/MediaComposerActivity,com.whatsapp.mediacomposer.MediaComposerActivity,internal
startActivityForResult,com/whatsapp/mediacomposer/MediaComposerActivity,com.whatsapp.mediacomposer.MediaComposerActivity,internal
startService,com/whatsapp/messaging/MessageService,com.whatsapp.messaging.MessageService.START,internal
startActivity,com/whatsapp/migration/android/view/GoogleMigrateImporterActivity,google_migrate_import_canceled,internal
startActivity,com/whatsapp/profile/CapturePhoto,output,internal
startActivityForResult,com/whatsapp/profile/CapturePhoto,output,internal
startActivity,com/whatsapp/profile/ProfileInfoActivity,com.whatsapp.Main,internal
startActivity,com/whatsapp/profile/ProfilePhotoReminder,com.whatsapp.Main,internal
startActivity,com/whatsapp/profile/ViewProfilePhoto,com.whatsapp.Main,internal
startActivity,com/whatsapp/profile/ViewProfilePhoto,name,internal
startActivity,com/whatsapp/quickcontact/QuickContactActivity,null,internal
startActivityForResult,com/whatsapp/quickcontact/QuickContactActivity,null,internal
startActivity,com/whatsapp/registration/EULA,com.whatsapp.insufficientstoragespace.InsufficientStorageSpaceActivity,internal
startActivity,com/whatsapp/registration/EULA,com.whatsapp.Main,internal
startActivity,com/whatsapp/registration/PrimaryFlashCallEducationScreen,com.whatsapp.registration.VerifyPhoneNumber,internal
startActivity,com/whatsapp/registration/PrimaryFlashCallEducationScreen,com.whatsapp.registration.VerifyPhoneNumber,internal
startActivity,com/whatsapp/registration/PrimaryFlashCallEducationScreen,com.whatsapp.registration.ChangeNumber,internal
sendBroadcast,com/whatsapp/registration/RegisterName,android.intent.extra.shortcut.INTENT,internal
startActivity,com/whatsapp/registration/RegisterName,com.whatsapp.backup.google.RestoreFromBackupActivity,internal
startActivityForResult,com/whatsapp/registration/RegisterName,com.whatsapp.backup.google.RestoreFromBackupActivity,internal
startActivity,com/whatsapp/registration/RegisterName,com.whatsapp.registration.RegisterPhone,internal
startActivity,com/whatsapp/registration/RegisterName,com.whatsapp.Main,internal
startActivity,com/whatsapp/registration/RegisterName,com.whatsapp.registration.RegisterPhone,internal
startActivity,com/whatsapp/registration/RegisterPhone,com.whatsapp.registration.VerifyPhoneNumber,internal
startActivity,com/whatsapp/registration/RegisterPhone,com.whatsapp.RequestPermissionActivity,internal
startActivityForResult,com/whatsapp/registration/RegisterPhone,com.whatsapp.RequestPermissionActivity,internal
startActivity,com/whatsapp/registration/RegisterPhone,com.whatsapp.Main,internal
startActivity,com/whatsapp/registration/RegisterPhone,com.whatsapp.DebugToolsActivity,internal
startActivity,com/whatsapp/registration/RegisterPhone,com.whatsapp.DebugToolsActivity,internal
startActivity,com/whatsapp/registration/VerifyPhoneNumber,com.whatsapp.registration.RegisterPhone,internal
startActivity,com/whatsapp/registration/VerifyPhoneNumber,com.whatsapp.Main,internal
startActivity,com/whatsapp/registration/VerifyPhoneNumber,com.whatsapp.Main,internal
startActivity,com/whatsapp/registration/VerifyPhoneNumber,com.whatsapp.registration.VerifyPhoneNumber,internal
startActivity,com/whatsapp/registration/VerifyTwoFactorAuth,com.whatsapp.registration.RegisterPhone,internal
startActivity,com/whatsapp/registration/VerifyTwoFactorAuth,com.whatsapp.registration.RegisterName,internal
startActivity,com/whatsapp/settings/Settings,com.whatsapp.Main,internal
startActivity,com/whatsapp/settings/Settings,com.whatsapp.Main,internal
startActivity,com/whatsapp/settings/SettingsChat,null,internal
startActivity,com/whatsapp/settings/SettingsDataUsageActivity,com.whatsapp.storage.StorageUsageActivity,external
startActivity,com/whatsapp/settings/SettingsDataUsageActivity,com.whatsapp.Main,external
startActivity,com/whatsapp/settings/SettingsNotifications,android.intent.extra.ringtone.TITLE,external
startActivityForResult,com/whatsapp/settings/SettingsNotifications,android.intent.extra.ringtone.TITLE,external
startActivity,com/whatsapp/settings/SettingsPrivacy,com.whatsapp.group.GroupAddPrivacyActivity,internal
startActivityForResult,com/whatsapp/settings/SettingsPrivacy,com.whatsapp.group.GroupAddPrivacyActivity,internal
startActivity,com/whatsapp/shareinvitelink/ShareInviteLinkActivity,com.whatsapp.writenfctag.WriteNfcTagActivity,internal
startActivity,com/whatsapp/status/playback/MessageReplyActivity,com.whatsapp.gifvideopreview.GifVideoPreviewActivity,internal
startActivityForResult,com/whatsapp/status/playback/MessageReplyActivity,com.whatsapp.gifvideopreview.GifVideoPreviewActivity,internal
startActivity,com/whatsapp/status/playback/MyStatusesActivity,com.whatsapp.camera.CameraActivity,internal
startActivity,com/whatsapp/status/playback/StatusPlaybackActivity,null,internal
startActivityForResult,com/whatsapp/status/playback/StatusPlaybackActivity,null,internal
startActivity,com/whatsapp/status/StatusesFragment,com.whatsapp.camera.CameraActivity,external
startActivityForResult,com/whatsapp/status/StatusesFragment,com.whatsapp.camera.CameraActivity,external
startActivity,com/whatsapp/stickers/StickerStorePackPreviewActivity,com.whatsapp.ContactPicker,internal
startActivity,com/whatsapp/stickers/StickerStoreTabFragment,com.whatsapp.stickers.StickerStorePackPreviewActivity,external
startActivityForResult,com/whatsapp/stickers/StickerStoreTabFragment,com.whatsapp.stickers.StickerStorePackPreviewActivity,external
startActivity,com/whatsapp/support/faq/SearchFAQ,com.whatsapp.support.faq.FaqItemActivity,internal
startActivityForResult,com/whatsapp/support/faq/SearchFAQ,com.whatsapp.support.faq.FaqItemActivity,internal
startActivity,com/whatsapp/systemstatus/SystemStatusActivity,null,internal
startActivity,com/whatsapp/twofactor/SettingsTwoFactorAuthActivity,com.whatsapp.twofactor.TwoFactorAuthActivity,internal
startActivity,com/whatsapp/util/ViewOnClickCListenerShape0S0201000_I1,null,external
startActivityForResult,com/whatsapp/util/ViewOnClickCListenerShape0S0201000_I1,null,external
startActivity,com/whatsapp/util/ViewOnClickCListenerShape3S0200000_I1,com.whatsapp.settings.chat.wallpaper.downloadable.picker.DownloadableWallpaperPreviewActivity,external
startActivityForResult,com/whatsapp/util/ViewOnClickCListenerShape3S0200000_I1,com.whatsapp.settings.chat.wallpaper.downloadable.picker.DownloadableWallpaperPreviewActivity,external
startActivity,com/whatsapp/util/ViewOnClickCListenerShape6S0100000_I0,com.whatsapp.registration.ChangeNumberNotifyContacts,external
startActivityForResult,com/whatsapp/util/ViewOnClickCListenerShape6S0100000_I0,com.whatsapp.registration.ChangeNumberNotifyContacts,external
startActivity,com/whatsapp/util/ViewOnClickCListenerShape6S0100000_I0,com.whatsapp.RequestPermissionActivity,external
startActivityForResult,com/whatsapp/util/ViewOnClickCListenerShape6S0100000_I0,com.whatsapp.RequestPermissionActivity,external
startActivity,com/whatsapp/util/ViewOnClickCListenerShape6S0100000_I0,com.whatsapp.textstatuscomposer.TextStatusComposerActivity,external
startActivity,com/whatsapp/util/ViewOnClickCListenerShape6S0100000_I0,com.whatsapp.status.StatusRecipientsActivity,external
startActivityForResult,com/whatsapp/util/ViewOnClickCListenerShape6S0100000_I0,com.whatsapp.status.StatusRecipientsActivity,external
startActivity,com/whatsapp/util/ViewOnClickCListenerShape6S0100000_I0,com.whatsapp.status.StatusRecipientsActivity,external
startActivityForResult,com/whatsapp/util/ViewOnClickCListenerShape6S0100000_I0,com.whatsapp.status.StatusRecipientsActivity,external
startActivity,com/whatsapp/util/ViewOnClickCListenerShape6S0100000_I0,com.whatsapp.phonematching.CountryPicker,external
startActivityForResult,com/whatsapp/util/ViewOnClickCListenerShape6S0100000_I0,com.whatsapp.phonematching.CountryPicker,external
startActivity,com/whatsapp/util/ViewOnClickCListenerShape7S0100000_I0_1,com.whatsapp.voipcalling.VoipActivityV2,external
startActivity,com/whatsapp/util/ViewOnClickCListenerShape8S0100000_I1,com.whatsapp.settings.Licenses,external
startActivity,com/whatsapp/util/ViewOnClickCListenerShape8S0100000_I1,com.whatsapp.settings.SettingsNotifications,external
startActivity,com/whatsapp/util/ViewOnClickCListenerShape8S0100000_I1,com.whatsapp.settings.chat.wallpaper.WallpaperCategoriesActivity,external
startActivityForResult,com/whatsapp/util/ViewOnClickCListenerShape8S0100000_I1,com.whatsapp.settings.chat.wallpaper.WallpaperCategoriesActivity,external
sendBroadcast,com/whatsapp/videoplayback/VideoSurfaceView,command,external
startActivity,com/whatsapp/voipcalling/CallLogActivity,null,internal
startActivityForResult,com/whatsapp/voipcalling/CallLogActivity,null,internal
startActivity,com/whatsapp/voipcalling/CallLogActivity,com.whatsapp.blockbusiness.BlockBusinessActivity,internal
startActivity,com/whatsapp/voipcalling/CallsFragment,call_log_key,external
bindService,com/whatsapp/voipcalling/VoipActivityV2,null,internal
startActivity,com/whatsapp/voipcalling/VoipActivityV2,com.whatsapp.voipcalling.VoipActivityV2,internal
bindService,com/whatsapp/voipcalling/VoipActivityV2,com.whatsapp.voipcalling.VoipActivityV2,internal
startActivity,com/whatsapp/voipcalling/VoipCallControlBottomSheet,pendingCall,external
startService,X/2rz,null,external
startActivity,X/2wU,Nexus,external
startActivityForResult,X/2wU,Nexus,external
startActivity,X/2xG,com.whatsapp.spamwarning.SpamWarningActivity,external
sendBroadcast,X/30y,badge_count,external
sendBroadcast,X/30y,packagename,external
sendBroadcast,X/30y,favorite_item_id,external
sendBroadcast,X/311,badge_count,external
startActivity,X/32G,com.whatsapp.Main,external
startActivity,X/33M,com.whatsapp.settings.chat.wallpaper.WallpaperCategoriesActivity,external
startActivity,X/36D,jid,external
startActivityForResult,X/36D,jid,external
startActivity,X/36D,jid,external
startActivity,X/36R,fMessageKeyJid,external
startActivity,X/39J,null,external
startActivityForResult,X/39J,null,external
startActivity,X/3Az,com.whatsapp.spamwarning.SpamWarningActivity,external
startActivity,X/3Az,com.whatsapp.spamwarning.SpamWarningActivity,external
startService,X/3Az,com.whatsapp.messaging.MessageService.START,external
startService,X/3Az,com.whatsapp.messaging.MessageService.START,external
startService,X/3BK,pkg_name,external
bindService,X/3EV,com.whatsapp.permission.BROADCAST,external
startActivity,X/3Fb,com.whatsapp.stickers.StickerStoreActivity,external
startService,X/3FD,com.whatsapp.media.transcode.MediaTranscodeService.START,external
startActivity,X/3fQ,payment_transaction_info_id,external
startActivity,X/3FR,voip/service/acquirePartialWakeLock pm=null,external
startActivity,X/3FR,com.whatsapp.voipcalling.VoipActivityV2,external
startActivity,X/3FR,com.whatsapp.voipcalling.VoipActivityV2,external
startActivity,X/3FR,jid,external
startActivity,X/3FR,caller_jid,external
startActivity,X/3FR,unexpected member ,external
startActivity,X/3fT,extra_setup_mode,external
startActivity,X/3fY,null,external
startActivity,X/3fy,com.whatsapp.profile.ViewProfilePhoto,external
startActivity,X/3GP,com.whatsapp.messaging.CaptivePortalActivity,external
startActivity,X/3hE,circular_return_name,external
bindService,X/3hg,old_phone_number,external
startActivity,X/3hj,null,external
startActivity,X/3hk,null,external
startActivity,X/3hn,null,external
startActivity,X/3Hw,null,external
startActivityForResult,X/3Hw,null,external
startActivity,X/3Hw,null,external
startActivityForResult,X/3Hw,null,external
startActivity,X/3iA,com.whatsapp.registration.VerifyPhoneNumber,external
bindService,X/3jW,null,external
startActivity,X/3kH,com.whatsapp.HomeActivity,external
startActivity,X/3n2,null,external
startActivity,X/3Nl,com.whatsapp.voipcalling.VoipActivityV2,external
startActivity,X/3Nl,jids,external
startActivity,X/3Nl,join_call_log,external
startActivity,X/3Qb,com.whatsapp.greenalert.GreenAlertActivity,external
startActivity,X/3qF,com.whatsapp.voipcalling.VoipActivityV2,external
startActivity,X/3qP,jid,external
startActivity,X/3Th,com.whatsapp.RequestPermissionActivity,external
startActivityForResult,X/3Th,com.whatsapp.RequestPermissionActivity,external
bindService,X/3UA,null,external
startActivity,X/3V0,null,external
startActivityForResult,X/3V0,null,external
startActivity,X/3Vu,null,external
startActivity,X/3Vu,null,external
startActivity,X/3vv,com.whatsapp.voipcalling.VoipActivityV2,external
startActivity,X/3wc,jid,external
startActivity,X/3Wg,position_top,external
startActivity,X/3Ws,com.whatsapp.status.playback.StatusPlaybackActivity,external
startActivity,X/3wV,jid,external
startActivity,X/3Y8,null,external
startActivity,X/3ZY,null,external
startActivityForResult,X/3ZY,null,external
startActivity,X/44h,application/zip,external
startActivity,X/44o,com.whatsapp.registration.RegisterName,external
startActivity,X/44p,com.whatsapp.registration.directmigration.RestoreFromConsumerDatabaseActivity,external
startActivityForResult,X/44p,com.whatsapp.registration.directmigration.RestoreFromConsumerDatabaseActivity,external
startActivity,X/44p,GoogleMigrateUtil/createStartIntent/class not found,external
startActivityForResult,X/44p,GoogleMigrateUtil/createStartIntent/class not found,external
startActivity,X/44U,null,external
startActivity,X/44Z,application/zip,external
startActivity,X/45a,gdpr_report,external
startActivityForResult,X/45a,gdpr_report,external
startActivity,X/45B,com.whatsapp.registration.RegisterPhone,external
sendBroadcast,X/45D,com/whatsapp/registration/directmigration/MigrationRequesterBroadcastReceiver,external
startActivity,X/45V,application/zip,external
bindService,X/46t,com.google.android.apps.pixelmigrate.IOS_APP_DATA_READER_SERVICE,external
startActivity,X/47O,com.whatsapp.settings.chat.wallpaper.DefaultWallpaperPreview,external
startActivityForResult,X/47O,com.whatsapp.settings.chat.wallpaper.DefaultWallpaperPreview,external
startActivity,X/481,null,external
startActivityForResult,X/481,null,external
startActivity,X/49u,null,external
startActivityForResult,X/49u,null,external
startActivity,X/4A1,com.whatsapp.storage.StorageUsageActivity,external
startActivity,X/4AW,null,external
startActivityForResult,X/4AW,null,external
startActivity,X/4AY,com.whatsapp.gifvideopreview.GifVideoPreviewActivity,external
startActivityForResult,X/4AY,com.whatsapp.gifvideopreview.GifVideoPreviewActivity,external
startActivity,X/4Hb,selected,external
startActivityForResult,X/4Hb,selected,external
startActivity,X/4Hc,null,external
startActivity,X/4Ln,com.whatsapp.status.playback.StatusReplyActivity,external
startActivity,X/4TL,com.whatsapp.RequestPermissionActivity,external
startActivityForResult,X/4TL,com.whatsapp.RequestPermissionActivity,external
startActivity,com/whatsapp/payments/ui/BrazilFbPayHubActivity,extra_bank_account,internal
startActivity,com/whatsapp/payments/ui/BrazilPayBloksActivity,android.intent.extra.TEXT,internal
startActivityForResult,com/whatsapp/payments/ui/BrazilPayBloksActivity,android.intent.extra.TEXT,internal
startActivity,com/whatsapp/payments/ui/IndiaUpiBankAccountAddedLandingActivity,for_payments,internal
startActivity,com/whatsapp/payments/ui/IndiaUpiBankAccountDetailsActivity,extra_remove_payment_account,internal
startActivityForResult,com/whatsapp/payments/ui/IndiaUpiBankAccountDetailsActivity,extra_remove_payment_account,internal
startActivity,com/whatsapp/payments/ui/IndiaUpiBankAccountDetailsActivity,extra_bank_account,internal
startActivity,com/whatsapp/payments/ui/IndiaUpiContactPicker$IndiaUpiContactPickerFragment,extra_jid,external
startActivity,com/whatsapp/payments/ui/IndiaUpiContactPicker$IndiaUpiContactPickerFragment,extra_jid,external
startActivity,com/whatsapp/payments/ui/IndiaUpiPaymentsAccountSetupActivity,extra_referral_screen,internal
startActivity,com/whatsapp/payments/ui/IndiaUpiPaymentsAccountSetupActivity,extra_referral_screen,internal
startActivity,com/whatsapp/payments/ui/IndiaUpiPaymentSettingsActivity,extra_setup_mode,internal
startActivity,com/whatsapp/payments/ui/IndiaUpiPaymentSettingsActivity,extra_bank_account,internal
startActivityForResult,com/whatsapp/payments/ui/IndiaUpiPaymentSettingsActivity,extra_bank_account,internal
startActivity,com/whatsapp/payments/ui/IndiaUpiPaymentSettingsActivity,extra_bank_account,internal
startActivity,com/whatsapp/payments/ui/IndiaUpiPaymentSettingsActivity,extra_setup_mode,internal
startActivity,com/whatsapp/payments/ui/IndiaUpiPinPrimerFullSheetActivity,extra_referral_screen,internal
startActivity,com/whatsapp/payments/ui/IndiaUpiQrCodeScanActivity,intent_source,internal
startActivity,com/whatsapp/payments/ui/IndiaUpiSecureQrCodeDisplayActivity,null,internal
startActivityForResult,com/whatsapp/payments/ui/IndiaUpiSecureQrCodeDisplayActivity,null,internal
startActivity,com/whatsapp/payments/ui/IndiaUpiVpaContactInfoActivity,null,internal
startActivity,com/whatsapp/payments/ui/PaymentTransactionDetailsListActivity,null,internal
startActivity,com/whatsapp/payments/ui/PaymentTransactionDetailsListActivity,com.whatsapp.WaInAppBrowsingActivity,internal
startActivity,com/whatsapp/payments/ui/PaymentTransactionDetailsListActivity,extra_set_pin_education_type,internal
startActivity,com/whatsapp/payments/ui/PaymentTransactionDetailsListActivity,extra_show_requests,internal
startActivity,com/whatsapp/payments/ui/PaymentTransactionHistoryActivity,null,internal
startActivity,X/4ge,extra_show_updated_tos,external
startActivityForResult,X/4ge,extra_show_updated_tos,external
startActivity,X/4gF,paymentProvider,external
startActivity,X/4gj,extra_bank_account_link_primary_default_action,external
startActivity,X/4gl,extra_bank_account_link_primary_default_action,external
startActivityForResult,X/4gl,extra_bank_account_link_primary_default_action,external
startActivity,X/4gm,extra_payments_entry_type,external
startActivityForResult,X/4gm,extra_payments_entry_type,external
startActivity,X/4gm,bank_accounts,external
startActivityForResult,X/4gm,bank_accounts,external
startActivity,X/4jG,bloks-dialog,external
startActivity,X/4jG,com.whatsapp.chatinfo.ContactInfoActivity,external
startActivity,X/4jG,com.whatsapp.chatinfo.ContactInfoActivity,external
startActivity,X/4jG,android.intent.action.SEND,external
startActivity,X/4kC,com.whatsapp.WaInAppBrowsingActivity,external
startActivityForResult,X/4kC,com.whatsapp.WaInAppBrowsingActivity,external
startActivity,X/4kK,extra_setup_mode,external
startActivity,X/4kV,brpay_p_add_card,external
startActivity,X/4lN,null,external
startActivityForResult,X/4lN,null,external
startActivity,X/4lN,extra_set_pin_education_type,external
startActivityForResult,X/4lN,extra_set_pin_education_type,external
startActivity,X/4lN,extra_set_pin_education_type,external
startActivity,X/4nn,extra_jid,external
startActivityForResult,X/4nn,extra_jid,external
startActivity,X/4nv,screen_name,external
startActivityForResult,X/4nv,screen_name,external
startActivity,X/4nv,for_payments,external
startActivityForResult,X/4nv,for_payments,external
startActivity,X/4nv,extra_setup_mode,external
startActivity,X/4nv,for_payments,external
startActivityForResult,X/4nv,for_payments,external
startActivity,X/4nv,extra_show_requests,external
startActivity,X/4nv,extra_show_requests,external
startActivity,X/4p6,null,external
startActivity,X/4p6,extra_setup_mode,external
startActivityForResult,X/4p6,extra_setup_mode,external
startActivity,X/4p6,extra_use_pin_education_type,external
startActivityForResult,X/4p6,extra_use_pin_education_type,external
startActivity,X/4p6,on_settings_page,external
startActivity,X/4p6,extra_in_setup,external
startActivityForResult,X/4p6,extra_in_setup,external
startActivity,X/4pN,screen_name,external
startActivity,X/4pP,com.whatsapp.WaInAppBrowsingActivity,external
startActivity,X/4rt,application/zip,external
startActivity,X/4sd,extra_bank_account,external
startActivity,X/4se,extra_bank_account,external
startActivity,X/4sF,extra_bank_account,external
startActivity,X/4sj,extra_bank_account,external
startActivity,X/4sJ,for_payments,external
startActivity,X/4sl,payment_bank_account,external
startActivity,X/4sP,extra_selected_bank,external
startActivity,X/4sy,extra_bank_account,external
startActivityForResult,X/4sy,extra_bank_account,external
startActivity,X/4t2,null,external
startActivityForResult,X/4t2,null,external
startActivity,X/4t3,extra_send_to_upi_id,external
startActivity,X/4t5,extra_disable_search,external
startActivity,X/4tk,extra_bank_account,external
startActivity,X/4tn,extra_account_holder_name,external
startActivity,X/4tZ,com.whatsapp.registration.ChangeNumberOverview,external
startActivity,X/4uE,extra_bank_account,external
startActivityForResult,X/4uE,extra_bank_account,external
startActivity,X/4uG,extra_bank_account,external
startActivityForResult,X/4uG,extra_bank_account,external
startActivity,X/4ul,extra_bank_account,external
startActivityForResult,X/4ul,extra_bank_account,external
startActivity,X/4uU,extra_is_pay_money_only,external
startActivity,X/4vo,screen_name,external
startActivityForResult,X/4vo,screen_name,external
startActivity,X/4vq,extra_referral_screen,external
startActivityForResult,X/4vq,extra_referral_screen,external
startActivity,X/4vS,null,external
startActivity,X/4w7,null,external
startActivity,X/4xh,com.whatsapp.Conversation,external
startActivity,X/4y6,image/*,external
startActivityForResult,X/4y6,image/*,external
startActivity,X/4yQ,com.whatsapp.chatinfo.ContactInfoActivity,external
